-- phpMyAdmin SQL Dump
-- version 5.0.2
-- https://www.phpmyadmin.net/
--
-- Servidor: 127.0.0.1
-- Tiempo de generación: 02-12-2020 a las 16:33:52
-- Versión del servidor: 10.4.11-MariaDB
-- Versión de PHP: 7.4.4

SET SQL_MODE = "NO_AUTO_VALUE_ON_ZERO";
START TRANSACTION;
SET time_zone = "+00:00";


/*!40101 SET @OLD_CHARACTER_SET_CLIENT=@@CHARACTER_SET_CLIENT */;
/*!40101 SET @OLD_CHARACTER_SET_RESULTS=@@CHARACTER_SET_RESULTS */;
/*!40101 SET @OLD_COLLATION_CONNECTION=@@COLLATION_CONNECTION */;
/*!40101 SET NAMES utf8mb4 */;

--
-- Base de datos: `jbb`
--

-- --------------------------------------------------------

--
-- Estructura de tabla para la tabla `equipos`
--

CREATE TABLE `equipos` (
  `id_equipo` int(10) NOT NULL,
  `numero_inventario` varchar(10) NOT NULL,
  `fk_id_dependencia` int(10) NOT NULL,
  `marca` varchar(50) NOT NULL,
  `modelo` varchar(50) NOT NULL,
  `numero_serial` varchar(30) NOT NULL,
  `estado_equipo` tinyint(1) NOT NULL COMMENT '1:Activo;2:Inactivo',
  `observacion` text NOT NULL,
  `qr_code_img` varchar(250) NOT NULL,
  `qr_code_encryption` varchar(60) NOT NULL
) ENGINE=InnoDB DEFAULT CHARSET=latin1;

--
-- Volcado de datos para la tabla `equipos`
--

INSERT INTO `equipos` (`id_equipo`, `numero_inventario`, `fk_id_dependencia`, `marca`, `modelo`, `numero_serial`, `estado_equipo`, `observacion`, `qr_code_img`, `qr_code_encryption`) VALUES
(1, '14853', 7, 'Chevrolet ', '2017', '3GNFL7E51HS559955', 1, 'Inventario Yezid ', 'images/equipos/1_qr_code.png', '1FDs8vd21acPIz8bqrhKApdqdTjuxgBTJrs2eS1UmEwlwiwSdbc'),
(2, '14854', 7, 'Nissan', '2017', '3N6CD33B2ZK365122', 1, 'Inventario Yezid ', 'images/equipos/2_qr_code.png', '2jnpWRXLbDdCG8v9QrKJGlR84UXIKqzkhNH9CLm7eScoSMxWn0k'),
(3, '16901', 7, 'Toyota', '2007', '9FH11UJ9079012119', 1, 'Inventario Yezid', 'images/equipos/3_qr_code.png', '3e0L1EUhaZIM0OZ9tdkon8brO7Auo7jL58GE7wg6V1GvqFwinHb'),
(4, '16989', 7, 'Toyota- Hilux', '1996', 'RN1067012769', 1, 'Inventario Yezid', 'images/equipos/4_qr_code.png', '4XnvRyFKtJVZPPzzyRdPYzr1QkgpYtoP0kENJh5D8mQHESej8y4'),
(5, '17129', 7, 'Volkswagen', '2018', '9536G8247JR812344', 1, 'Inventario Yezid', 'images/equipos/5_qr_code.png', '5PiIEUliY7PzZdS0ZDyUCaMNPfv25S1wQ1AlKAwxMlrdNH3N4mM'),
(6, '17710', 7, 'Renault', '2020', '93YMAF4CELJ079626', 1, 'Inventario Yezid', 'images/equipos/6_qr_code.png', '6jxt7Cevdl0j5MHgHuUZh93iOWBxbOTTyXG1FHKKaJuLBwasNvY'),
(7, '17615', 7, 'Chevrolet ', '2020', '9GDFVR345LB008406', 1, 'Inventaro Yezid', 'images/equipos/7_qr_code.png', '7sVXiSAcnge43sw3X0d1p4N8IHCo4LLAlN5cfX5ZRz6kuvJgAc0');

-- --------------------------------------------------------

--
-- Estructura de tabla para la tabla `param_dependencias`
--

CREATE TABLE `param_dependencias` (
  `id_dependencia` int(10) NOT NULL,
  `dependencia` varchar(100) NOT NULL
) ENGINE=InnoDB DEFAULT CHARSET=latin1;

--
-- Volcado de datos para la tabla `param_dependencias`
--

INSERT INTO `param_dependencias` (`id_dependencia`, `dependencia`) VALUES
(1, 'Dirección'),
(2, 'Oficina Asesora Jurídica'),
(3, 'Oficina de Control Interno'),
(4, 'Oficina Asesora de Planeación'),
(5, 'Secretaría General y de Control Disciplinario'),
(6, 'Subdirección Científica'),
(7, 'Subdirección Técnica Operativa'),
(8, 'Oficina de Arborización Urbana'),
(9, 'Subdirección Educativa y Cultural');

-- --------------------------------------------------------

--
-- Estructura de tabla para la tabla `param_menu`
--

CREATE TABLE `param_menu` (
  `id_menu` int(3) NOT NULL,
  `menu_name` varchar(50) NOT NULL,
  `menu_url` varchar(200) NOT NULL DEFAULT '0',
  `menu_icon` varchar(50) NOT NULL,
  `menu_order` int(1) NOT NULL,
  `menu_type` tinyint(1) NOT NULL COMMENT '1:Left; 2:Top',
  `menu_state` tinyint(1) NOT NULL DEFAULT 1 COMMENT '1:Active; 2:Inactive'
) ENGINE=InnoDB DEFAULT CHARSET=latin1;

--
-- Volcado de datos para la tabla `param_menu`
--

INSERT INTO `param_menu` (`id_menu`, `menu_name`, `menu_url`, `menu_icon`, `menu_order`, `menu_type`, `menu_state`) VALUES
(1, 'Configuración', '', 'fa-gear', 1, 2, 1),
(2, 'Salir', 'menu/salir', 'fa-sign-out', 6, 2, 1),
(3, 'Equipos', '', 'fa-truck', 2, 1, 1),
(4, 'Administrar acceso sistema', '', 'fa-cogs', 5, 2, 1),
(5, 'Dashboard ADMIN', 'dashboard/admin', 'fa-dashboard', 1, 1, 1),
(6, 'Manuales', '', 'fa-book ', 4, 2, 1);

-- --------------------------------------------------------

--
-- Estructura de tabla para la tabla `param_menu_access`
--

CREATE TABLE `param_menu_access` (
  `id_access` int(3) NOT NULL,
  `fk_id_menu` int(3) NOT NULL,
  `fk_id_link` int(3) NOT NULL,
  `fk_id_role` int(1) NOT NULL
) ENGINE=InnoDB DEFAULT CHARSET=latin1;

--
-- Volcado de datos para la tabla `param_menu_access`
--

INSERT INTO `param_menu_access` (`id_access`, `fk_id_menu`, `fk_id_link`, `fk_id_role`) VALUES
(1, 1, 4, 99),
(2, 1, 5, 99),
(3, 1, 6, 99),
(8, 2, 0, 99),
(7, 3, 7, 99),
(4, 4, 1, 99),
(5, 4, 2, 99),
(6, 4, 3, 99),
(9, 4, 8, 99),
(10, 4, 9, 99),
(11, 6, 12, 99),
(12, 6, 13, 99),
(13, 6, 14, 99);

-- --------------------------------------------------------

--
-- Estructura de tabla para la tabla `param_menu_links`
--

CREATE TABLE `param_menu_links` (
  `id_link` int(3) NOT NULL,
  `fk_id_menu` int(3) NOT NULL,
  `link_name` varchar(100) NOT NULL,
  `link_url` varchar(200) NOT NULL,
  `link_icon` varchar(50) NOT NULL,
  `order` int(1) NOT NULL,
  `date_issue` datetime NOT NULL,
  `link_state` tinyint(1) NOT NULL COMMENT '1:Active;2:Inactive',
  `link_type` tinyint(1) NOT NULL COMMENT '1:System URL;2:Complete URL; 3:Divider; 4:Complete URL, Videos; 5:Complete URL, Manuals'
) ENGINE=InnoDB DEFAULT CHARSET=latin1;

--
-- Volcado de datos para la tabla `param_menu_links`
--

INSERT INTO `param_menu_links` (`id_link`, `fk_id_menu`, `link_name`, `link_url`, `link_icon`, `order`, `date_issue`, `link_state`, `link_type`) VALUES
(1, 4, 'Enlaces Menú', 'access/menu', 'fa-link', 1, '2020-11-18 19:45:31', 1, 1),
(2, 4, 'Enlaces Submenú', 'access/links', 'fa-link', 2, '2020-11-18 19:45:31', 1, 1),
(3, 4, 'Acceso Roles', 'access/role_access', 'fa-puzzle-piece', 4, '2020-11-18 19:45:31', 1, 1),
(4, 1, 'Usuarios', 'settings/employee/1', 'fa-users', 1, '2020-11-19 06:13:07', 1, 1),
(5, 1, '----------', 'DIVIDER', 'fa-hand-o-up', 2, '2020-11-19 07:07:22', 1, 3),
(6, 1, 'Proveedores', 'settings/company', 'fa-building', 3, '2020-11-19 07:08:43', 1, 1),
(7, 3, 'Buscar', 'equipos', 'fa-ambulance', 1, '2020-11-20 01:29:59', 1, 1),
(8, 4, '----------', 'DIVIDER', 'fa-pin', 3, '2020-12-01 17:19:46', 1, 3),
(9, 4, 'Descripción Roles', 'dashboard/rol_info', 'fa-info', 5, '2020-12-01 17:22:23', 1, 1),
(12, 6, 'Manual de Usuario', 'http://[::1]/jbb/files/doc_diana.pdf', 'fa-hand-o-up', 1, '2020-12-01 19:04:26', 1, 5),
(13, 6, 'Cargar Manuales', 'access/manuals', 'fa-book', 25, '2020-12-01 19:10:25', 1, 1),
(14, 6, 'DIVIDER', '----------', 'fa-pin', 24, '2020-12-01 19:11:24', 1, 3);

-- --------------------------------------------------------

--
-- Estructura de tabla para la tabla `param_proveedores`
--

CREATE TABLE `param_proveedores` (
  `id_proveedor` int(3) NOT NULL,
  `nombre_proveedor` varchar(120) NOT NULL,
  `contacto` varchar(100) NOT NULL,
  `numero_celular` varchar(12) NOT NULL,
  `email` varchar(70) NOT NULL
) ENGINE=InnoDB DEFAULT CHARSET=latin1;

--
-- Volcado de datos para la tabla `param_proveedores`
--

INSERT INTO `param_proveedores` (`id_proveedor`, `nombre_proveedor`, `contacto`, `numero_celular`, `email`) VALUES
(1, 'DANE', 'Fabian Jaimes', '3156953740', 'fjaimes@dane.gov.co');

-- --------------------------------------------------------

--
-- Estructura de tabla para la tabla `param_role`
--

CREATE TABLE `param_role` (
  `id_role` int(1) NOT NULL,
  `role_name` varchar(100) NOT NULL,
  `description` text NOT NULL,
  `style` varchar(50) NOT NULL,
  `dashboard_url` varchar(200) NOT NULL
) ENGINE=InnoDB DEFAULT CHARSET=latin1;

--
-- Volcado de datos para la tabla `param_role`
--

INSERT INTO `param_role` (`id_role`, `role_name`, `description`, `style`, `dashboard_url`) VALUES
(1, 'Administrador', 'Se encarga de comfiguracion del sistema. Cargar tabla de Usuarios, tabla de proveedores', 'text-warning', 'dashboard/administrador'),
(2, 'Usuario Consulta', 'Solo tiene acceso a ver información en el sistema. No puede editar ni adicionar nada.', 'text-green', 'dashboard/encargado'),
(3, 'Encargado', 'Usuarios que van a realizar el mantenimiento a los equipos.', 'text-danger', 'dashboard/encargado'),
(4, 'Supervisor', 'Carga en el sistema el plan de mantenimiento, asigna los mantenimientos a los encargados y realiza control de los mantenimientos', 'text-info', 'dashboard/supervisor'),
(99, 'SUPER ADMIN', 'Con acceso a todo el sistema, encargaado de tablas parametricas del sistema', 'text-success', 'dashboard/admin');

-- --------------------------------------------------------

--
-- Estructura de tabla para la tabla `usuarios`
--

CREATE TABLE `usuarios` (
  `id_user` int(10) NOT NULL,
  `first_name` varchar(50) NOT NULL,
  `last_name` varchar(50) NOT NULL,
  `log_user` varchar(50) NOT NULL,
  `movil` varchar(12) NOT NULL,
  `email` varchar(70) DEFAULT NULL,
  `password` varchar(50) NOT NULL,
  `state` int(1) NOT NULL DEFAULT 0 COMMENT '0: newUser; 1:active; 2:inactive',
  `fk_id_user_role` int(1) NOT NULL DEFAULT 7 COMMENT '99: Super Admin;',
  `photo` varchar(250) NOT NULL
) ENGINE=MyISAM DEFAULT CHARSET=latin1;

--
-- Volcado de datos para la tabla `usuarios`
--

INSERT INTO `usuarios` (`id_user`, `first_name`, `last_name`, `log_user`, `movil`, `email`, `password`, `state`, `fk_id_user_role`, `photo`) VALUES
(1, 'Benjamin', 'Motta', 'Bmottag', '4034089921', 'benmotta@gmail.com', '25446782e2ccaf0afdb03e5d61d0fbb9', 1, 99, 'images/usuarios/thumbs/1.JPG');

-- --------------------------------------------------------

--
-- Estructura de tabla para la tabla `usuarios_llave_contraseña`
--

CREATE TABLE `usuarios_llave_contraseña` (
  `id_llave` int(10) NOT NULL,
  `fk_id_user_ulc` int(10) NOT NULL,
  `email_user` varchar(70) NOT NULL,
  `llave` varchar(100) NOT NULL
) ENGINE=InnoDB DEFAULT CHARSET=latin1;

--
-- Volcado de datos para la tabla `usuarios_llave_contraseña`
--

INSERT INTO `usuarios_llave_contraseña` (`id_llave`, `fk_id_user_ulc`, `email_user`, `llave`) VALUES
(14, 1, 'benmotta@gmail.com', 'BT3frkg19CO6RvHmUdY6');

--
-- Índices para tablas volcadas
--

--
-- Indices de la tabla `equipos`
--
ALTER TABLE `equipos`
  ADD PRIMARY KEY (`id_equipo`),
  ADD UNIQUE KEY `numero_unidad` (`numero_inventario`),
  ADD UNIQUE KEY `qr_code_encryption` (`qr_code_encryption`),
  ADD KEY `estado_equipo` (`estado_equipo`),
  ADD KEY `fk_id_dependencia` (`fk_id_dependencia`) USING BTREE;

--
-- Indices de la tabla `param_dependencias`
--
ALTER TABLE `param_dependencias`
  ADD PRIMARY KEY (`id_dependencia`);

--
-- Indices de la tabla `param_menu`
--
ALTER TABLE `param_menu`
  ADD PRIMARY KEY (`id_menu`),
  ADD KEY `menu_type` (`menu_type`);

--
-- Indices de la tabla `param_menu_access`
--
ALTER TABLE `param_menu_access`
  ADD PRIMARY KEY (`id_access`),
  ADD UNIQUE KEY `indice_principal` (`fk_id_menu`,`fk_id_link`,`fk_id_role`),
  ADD KEY `fk_id_menu` (`fk_id_menu`),
  ADD KEY `fk_id_role` (`fk_id_role`),
  ADD KEY `fk_id_link` (`fk_id_link`);

--
-- Indices de la tabla `param_menu_links`
--
ALTER TABLE `param_menu_links`
  ADD PRIMARY KEY (`id_link`),
  ADD KEY `fk_id_menu` (`fk_id_menu`),
  ADD KEY `link_type` (`link_type`);

--
-- Indices de la tabla `param_proveedores`
--
ALTER TABLE `param_proveedores`
  ADD PRIMARY KEY (`id_proveedor`);

--
-- Indices de la tabla `param_role`
--
ALTER TABLE `param_role`
  ADD PRIMARY KEY (`id_role`);

--
-- Indices de la tabla `usuarios`
--
ALTER TABLE `usuarios`
  ADD PRIMARY KEY (`id_user`),
  ADD UNIQUE KEY `log_user` (`log_user`),
  ADD UNIQUE KEY `email` (`email`),
  ADD KEY `perfil` (`fk_id_user_role`);

--
-- Indices de la tabla `usuarios_llave_contraseña`
--
ALTER TABLE `usuarios_llave_contraseña`
  ADD PRIMARY KEY (`id_llave`),
  ADD KEY `fk_id_user_ulc` (`fk_id_user_ulc`);

--
-- AUTO_INCREMENT de las tablas volcadas
--

--
-- AUTO_INCREMENT de la tabla `equipos`
--
ALTER TABLE `equipos`
  MODIFY `id_equipo` int(10) NOT NULL AUTO_INCREMENT, AUTO_INCREMENT=8;

--
-- AUTO_INCREMENT de la tabla `param_dependencias`
--
ALTER TABLE `param_dependencias`
  MODIFY `id_dependencia` int(10) NOT NULL AUTO_INCREMENT, AUTO_INCREMENT=10;

--
-- AUTO_INCREMENT de la tabla `param_menu`
--
ALTER TABLE `param_menu`
  MODIFY `id_menu` int(3) NOT NULL AUTO_INCREMENT, AUTO_INCREMENT=7;

--
-- AUTO_INCREMENT de la tabla `param_menu_access`
--
ALTER TABLE `param_menu_access`
  MODIFY `id_access` int(3) NOT NULL AUTO_INCREMENT, AUTO_INCREMENT=14;

--
-- AUTO_INCREMENT de la tabla `param_menu_links`
--
ALTER TABLE `param_menu_links`
  MODIFY `id_link` int(3) NOT NULL AUTO_INCREMENT, AUTO_INCREMENT=15;

--
-- AUTO_INCREMENT de la tabla `param_proveedores`
--
ALTER TABLE `param_proveedores`
  MODIFY `id_proveedor` int(3) NOT NULL AUTO_INCREMENT, AUTO_INCREMENT=2;

--
-- AUTO_INCREMENT de la tabla `param_role`
--
ALTER TABLE `param_role`
  MODIFY `id_role` int(1) NOT NULL AUTO_INCREMENT, AUTO_INCREMENT=100;

--
-- AUTO_INCREMENT de la tabla `usuarios`
--
ALTER TABLE `usuarios`
  MODIFY `id_user` int(10) NOT NULL AUTO_INCREMENT, AUTO_INCREMENT=2;

--
-- AUTO_INCREMENT de la tabla `usuarios_llave_contraseña`
--
ALTER TABLE `usuarios_llave_contraseña`
  MODIFY `id_llave` int(10) NOT NULL AUTO_INCREMENT, AUTO_INCREMENT=15;

--
-- Restricciones para tablas volcadas
--

--
-- Filtros para la tabla `equipos`
--
ALTER TABLE `equipos`
  ADD CONSTRAINT `equipos_ibfk_1` FOREIGN KEY (`fk_id_dependencia`) REFERENCES `param_dependencias` (`id_dependencia`) ON DELETE CASCADE ON UPDATE CASCADE;

--
-- Filtros para la tabla `param_menu_access`
--
ALTER TABLE `param_menu_access`
  ADD CONSTRAINT `param_menu_access_ibfk_1` FOREIGN KEY (`fk_id_role`) REFERENCES `param_role` (`id_role`) ON DELETE CASCADE ON UPDATE CASCADE,
  ADD CONSTRAINT `param_menu_access_ibfk_2` FOREIGN KEY (`fk_id_menu`) REFERENCES `param_menu` (`id_menu`) ON DELETE CASCADE ON UPDATE CASCADE;

--
-- Filtros para la tabla `param_menu_links`
--
ALTER TABLE `param_menu_links`
  ADD CONSTRAINT `param_menu_links_ibfk_1` FOREIGN KEY (`fk_id_menu`) REFERENCES `param_menu` (`id_menu`) ON DELETE CASCADE ON UPDATE CASCADE;
COMMIT;

/*!40101 SET CHARACTER_SET_CLIENT=@OLD_CHARACTER_SET_CLIENT */;
/*!40101 SET CHARACTER_SET_RESULTS=@OLD_CHARACTER_SET_RESULTS */;
/*!40101 SET COLLATION_CONNECTION=@OLD_COLLATION_CONNECTION */;
